Date,HMM_PLS_WF,HMM_PCA_WF,MSVAR_PCA_WF,60_40,Equal_Weight,Buy_Hold_Equity,Uncond_GMV_WF
2019-01-31,0.041758269487556426,0.03716935024933078,0.036415855783056415,0.053258106921820696,0.041851494073908035,0.0854264576584431,0.03710624597335068
2019-02-28,0.012985888097729534,0.010075888703766335,0.009507708296684125,0.014072443905753358,0.013700770730639265,0.0320050888550142,0.010165024956363788
2019-03-31,0.019793523272994502,0.023248984985739126,0.024092771295340123,0.030162833331263718,0.01796907657396523,0.0139557928746516,0.02292722777706699
2019-04-30,0.005296357643734391,0.002061365051078753,0.001628865151510736,0.02003085407732378,0.005332106131377334,0.0459462442525173,0.0022775482097128884
2019-05-31,0.001633735760246265,0.009359823587712127,0.010677214151972597,-0.011551286631313936,0.0003338132724966012,-0.0636459776444389,0.008942732398994215
2019-06-30,0.043507282600578116,0.03980318596443362,0.039064361606503395,0.043171931585524556,0.04461340152674073,0.0651464203860106,0.039992371171107516
2019-07-31,0.019545733669513482,0.017765438205895805,0.017342568186287845,0.012413618086670838,0.020376535554450632,0.0191884391504462,0.017858490961632698
2019-08-31,0.05159338050796264,0.0585067656251424,0.05951791136231265,0.03328239768888698,0.05063282795726517,-0.0159112146315741,0.05788998512070191
2019-09-30,-0.0021653681753917445,-0.004923531834079419,-0.005419354376547536,-0.0020516822960812194,-0.0012715149498461658,0.0140640329024177,-0.004625975014905459
2019-10-31,0.001691585216737963,-5.79494281739868e-05,-0.00022298026410865499,0.01125673990165286,0.0013829875052919997,0.0261371795489331,-0.00016760678365278437
2019-11-30,0.005895673451012781,0.004352796262488602,0.004288880996493315,0.0201790511896546,0.0052559848583650665,0.0362044096827496,0.004208964443115954
2019-12-31,-0.0015281209867956283,-0.005149478266875195,-0.005745597997412905,0.00211235531513004,-0.0010987786565449342,0.0253448132718616,-0.0052692549487941085
2020-01-31,0.04624008734006238,0.047044432372043664,0.05001353581988649,0.03286642783115584,0.045815501626568035,0.0041108185104874,0.04946496767065587
2020-02-29,0.0034321130979744273,0.004877268546349139,0.011188598501282898,-0.022998622463612475,0.0023508966371476644,-0.082413414578107,0.010112668997061182
2020-03-31,-0.026894167659410897,-0.02543428080332075,-0.01775881267684321,-0.057354935619034174,-0.027615616189758038,-0.1275552155067445,-0.018437711561002216
2020-04-30,0.07162530108058944,0.07094307683799911,0.06622423709985108,0.09037059459325114,0.07224338744180148,0.1327192832805519,0.06663593675266663
2020-05-31,0.015277411863887251,0.015335357178137755,0.01180727973122492,0.021827385944933678,0.0168883595031766,0.0475588717233934,0.01259376303804961
2020-06-30,0.00907289191856178,0.008977277678892,0.008509403165261607,0.010542600103656501,0.009390722137181999,0.0148261188423719,0.008705799206743456
2020-07-31,0.05463317553979547,0.05477997519434384,0.05338713115480141,0.05349142839025766,0.05573684868780726,0.0612992034654371,0.05389196855948927
2020-08-31,0.02580779145218154,0.026187781840342525,0.018475354596518577,0.025539260256024536,0.031595639994256665,0.0740192990684061,0.021310923955994335
2020-09-30,-0.018154358564959457,-0.017776793133109453,-0.015318048276304366,-0.023175093249855096,-0.01983882538381363,-0.0439327728158209,-0.016365204622034592
2020-10-31,-0.02309834792685581,-0.022839196843149893,-0.023861422296166595,-0.026462189150712218,-0.02205979686737423,-0.0227696506720597,-0.023441040699054328
2020-11-30,0.03597339260356333,0.03336100770496115,0.032483051388019234,0.07177584484620904,0.03513369618421997,0.10935643753135,0.0332225278799715
2020-12-31,-0.02076681424296842,-0.02158506661086143,-0.027011273359864082,-0.011047095636599218,-0.01628794123254367,0.0344105589004319,-0.02436473957056224
2021-01-31,0.013514752862214943,0.01610182056917296,0.015831856017026188,0.011357528325270162,0.012515765108475168,-0.0064209169979482,0.016226528694660163
2021-02-28,-0.020039070173865896,-0.024145720899612682,-0.023025762659069342,-0.005926758518728283,-0.020034812597809232,0.0275752811731724,-0.025364839441876005
2021-03-31,-0.027565656773981973,-0.0329306614817927,-0.031284445134044755,-0.005630232160052262,-0.027992192337640397,0.0403096860437739,-0.03484743579144527
2021-04-30,0.04614124276321488,0.04672464477259523,0.04714900823330097,0.05513681441045186,0.04493512177464269,0.0566486427319319,0.046107221152410914
2021-05-31,0.0180004425880574,0.016521230952133502,0.015948636596195064,0.0047983026901779,0.020171321429740166,0.0068871124143403,0.017354659798766416
2021-06-30,0.018084061765163546,0.0200751755963575,0.020402660172218805,0.02763261543082534,0.01633431360349823,0.0200300654568377,0.01972781115151278
2021-07-31,0.01806770456206342,0.01969171531224482,0.020204976677831103,0.030536029031465982,0.015984632097750834,0.0268143787676995,0.01901197455655072
2021-08-31,0.006166746131110104,0.005094289704254203,0.005777834343468335,0.0172791772810032,0.005086263907876733,0.0302902027524534,0.0040266703196459655
2021-09-30,-0.02881092266380234,-0.028577717908571904,-0.029253333323660057,-0.04118950069449774,-0.0273339320580763,-0.0494776700997983,-0.027612756913348736
2021-10-31,0.032811803453461526,0.03114199985634994,0.03229562529505647,0.051822657853422965,0.0309320726926449,0.0730707194778228,0.0293675936924897
2021-11-30,0.014179073612266105,0.015599009251132603,0.01506329244865823,0.006485527641420941,0.014713806306353066,-0.0070272175278535,0.016445622916691133
2021-12-31,0.0021028884803074807,-0.00033140518801942273,0.0006717612769352744,0.01701650155983412,0.0011748217425091335,0.0411371411794554,-0.0017971806875923268
2022-01-31,-0.024231075567928077,-0.02438709844404363,-0.02626699730382278,-0.04394376536634456,-0.0228860899789482,-0.0486855545258286,-0.024753301143827094
2022-02-28,-0.008915709444195898,-0.008821690686743563,-0.010128390228503072,-0.024208975297538182,-0.007917944645753567,-0.0300204178251227,-0.008954692413565108
2022-03-31,0.008615986726270276,0.005238497750326488,0.0014957033564309639,-0.0009705474933265623,0.009995087828169165,0.0337922610720824,0.0018192485192174506
2022-04-30,-0.061916000332528635,-0.06277295992142025,-0.06567863628372365,-0.08648014616699093,-0.060360549707047566,-0.0845405288587702,-0.06420545568093572
2022-05-31,-0.020463016293968253,-0.02083200646323024,-0.02000311003343886,-0.0070958364027368,-0.020951283325474267,0.0017027410117094,-0.020871279015037006
2022-06-30,-0.036481363954126406,-0.03470454161518168,-0.034828437061296624,-0.05752248504317186,-0.0361948172318044,-0.0861011531619369,-0.033479524789400805
2022-07-31,0.0240949143642235,0.02289272578026797,0.025566727758012834,0.06816849090329515,0.023070100245710524,0.0961306482958619,0.0235444622640543
2022-08-31,-0.023244118138483323,-0.02388497828220791,-0.025917488416147823,-0.04211754474023116,-0.022659265714849233,-0.0409065985632204,-0.025487504645225752
2022-09-30,-0.07446033340499912,-0.0742882218411115,-0.0754378519344089,-0.08954047421516528,-0.07424198371256567,-0.0959043639665184,-0.07504226743362534
2022-10-31,0.005373030354516374,0.0007765576432271075,-9.985648649038629e-05,0.028815489088035297,0.006139905524799502,0.0852293015003375,-0.0018113856423441971
2022-11-30,0.054167887974879037,0.05490913944291008,0.055799493432878745,0.061182695877153026,0.05410942398693476,0.0557560192455857,0.056035004513988206
2022-12-31,-0.014116683776274733,-0.013468576153514834,-0.015756138150729817,-0.045967119922428794,-0.014405532681846134,-0.0619751974044696,-0.015458608454186118
2023-01-31,0.06518019164280422,0.06529423393661268,0.06542568279317117,0.06854093772454431,0.06477846708885454,0.0674504071221309,0.06518122408221355
2023-02-28,-0.032533749195715465,-0.03368864976455267,-0.03369668350032489,-0.03384160874352108,-0.0318591713196028,-0.0244970306949392,-0.03356500144485009
2023-03-31,0.037222220914601103,0.03789053990905558,0.03789862082519804,0.03816502161833672,0.03682490577702746,0.0326297795690466,0.03783110883926767
2023-04-30,0.022358580064915708,0.021843720966809633,0.021653765820604447,0.01398651771010446,0.0237040657659639,0.0193991278554985,0.022159845170160574
2023-05-31,-0.010284410915326808,-0.011910930521753163,-0.011842034370664894,-0.00891931881002086,-0.009833685384356998,0.0042076598063123,-0.011999017913286527
2023-06-30,0.014341475020750793,0.010809706827841244,0.011429722262466094,0.03698787531503888,0.0125520098779769,0.0620747854264356,0.009890165254417046
2023-07-31,0.005516907960031898,0.0025670275020525353,0.0028046047555204574,0.012740277192462115,0.005672717073009998,0.0357899484169366,0.0022187615026975954
2023-08-31,-0.01997029082409547,-0.020533551191424842,-0.020541089858605,-0.02081725714186728,-0.019606690154385098,-0.0160225616442516,-0.020511322814005323
2023-09-30,-0.04460459726114038,-0.045395319346597275,-0.045747504016353815,-0.06017155996461504,-0.04215457643738,-0.0511282078987946,-0.04484440820507615
2023-10-31,-0.02439866763456798,-0.025813403581345155,-0.025920571545670214,-0.03035110366539984,-0.023023699213237298,-0.0177031319116102,-0.025653385055210802
2023-11-30,0.07501858996764646,0.07473171957833348,0.0751100184681852,0.09112402039632296,0.07332298807268273,0.0911954926606442,0.07443858181861104
2023-12-31,0.05118413105320893,0.05320720238625186,0.05333432229242129,0.05921504171003858,0.04985923565347773,0.0412664074326225,0.05346244117911891
2024-01-31,-5.017828096042064e-05,-0.002004938440903772,-0.001866833206250689,0.003497024614582919,0.0002535568123273001,0.0206452225056588,-0.0021745986841720092
2024-02-29,0.009108225473089315,0.0055390878834255565,0.005954634667206004,0.023291030692056496,0.0087581841201741,0.0532867885476979,0.0047793428847256085
2024-03-31,0.034511340693144675,0.03404581900320094,0.03377872509813183,0.021952240901069682,0.035658782691976865,0.0290304691688134,0.034319808347843796
2024-04-30,-0.008480850814026202,-0.008561100392613197,-0.009417051116016612,-0.04696007555649484,-0.005362192078642199,-0.0381423526733308,-0.007555544149866481
2024-05-31,0.02921777411998167,0.028040869482253296,0.02833981860781804,0.04124075141342048,0.028500808649078297,0.049457155047391,0.027548758445806967
2024-06-30,0.013576787237101387,0.01267929071454235,0.012974608091353538,0.02629886209622378,0.012862447315406166,0.0323736539850105,0.01227744200746914
2024-07-31,0.02659900678667152,0.027508307110845953,0.027408396520358556,0.02321932093783928,0.02667500945401153,0.0153502581008346,0.027707531088059786
2024-08-31,0.025013718985235595,0.02492551771560879,0.024883756940049188,0.02291453389698008,0.02518335603277013,0.0241410897590492,0.024951593720642463
2024-09-30,0.02554911598793199,0.02574113162653928,0.025592774692133554,0.01878569022196326,0.02599210320381473,0.0183252688736013,0.025896052683825617
2024-10-31,-0.005230632084985907,-0.006763405834339913,-0.007124852774272549,-0.024671461143561564,-0.003537329171160935,-0.0063372635027094,-0.006628359108049579
2024-11-30,0.021683473754246153,0.019481682252882594,0.019980842476375795,0.0422915157649427,0.020599897299454266,0.0585653858922001,0.018717257863251454
2024-12-31,-0.028644789341064753,-0.029615320342068,-0.029773403591278343,-0.03779115517627908,-0.027856874168057863,-0.0268019303328092,-0.029666134792230067
2025-01-31,0.019950880287291174,0.018849875228640508,0.01887156325917648,0.02037910082876264,0.020129857270451634,0.0307519601837444,0.018787764693356194
2025-02-28,0.03526876192634868,0.03847260957250518,0.0377473666342437,0.013338196517831042,0.03607071472626603,-0.0131567970165176,0.03934853689362702
2025-03-31,-0.014122211115098886,-0.011545269277345468,-0.012375679255035882,-0.03972192076684094,-0.013000100489440933,-0.0594495836116637,-0.010633962226687346
2025-04-30,0.018437282515313957,0.018687380189736577,0.017900615617291418,-0.006750149191097001,0.020053085261686997,-0.0037432707662004,0.01949081617333716
2025-05-31,0.018527193815181097,0.014538355850135808,0.014819760584270592,0.0261213940999792,0.01862738879095603,0.0628086172770248,0.01390631734155213
2025-06-30,0.03223570614194603,0.031169825641030355,0.03138561375028789,0.0389301055963536,0.0319996679765591,0.0478082405486504,0.030861442278296482
2025-07-31,0.004288393610508294,0.0027364411220839303,0.0029773190179141072,0.011583434606293819,0.0040979936754349,0.0251609532222965,0.0023807119118690284
2025-08-31,0.010474267357560532,0.00972868888657857,0.009832126650387832,0.01358483551921388,0.010422924010861766,0.0201725581454492,0.00957877359896893
2025-09-30,0.050261816011927245,0.05047362799762657,0.04992785426373833,0.03240496381670742,0.0513413241878513,0.0337038431118537,0.05106424081041737
2025-10-31,0.04677738512814483,0.046756123751562906,0.04597039755765105,0.020926628204380862,0.048409377477743626,0.0259415820377955,0.04758820441055667
2025-11-30,0.004691067838584037,0.004825986864922982,0.0047823120861356355,0.0033206514946469796,0.0048167684676362656,0.0023426419305125,0.00489767295912104
2025-12-31,0.007770577238872106,0.0074834633110297515,0.006973564008707901,-0.009204889813767781,0.009535222970699034,-0.0020687385578833,0.00851163370516463
